image,prompt
10423702_SwinIR_large.png,"there are many chairs and tables on the patio outside, raytracing : :, beautiful panoramic imagery, polished concrete, southdale center, detailed product photo, inspired by Mary Agnes Yerkes, landscape photo-imagery, taken with a canon eos 5 d, sharp focus on houses, rtx ray tracing"
10423726_SwinIR_large.png,"there is a mirror and a desk in a room, complimentary contrast, in savannah, 16k resolution:0.8, beautiful low light, tvs, rustic yet enormous scp (secure, microphone silluette, washington dc, ( ( photograph ) ), panorama shot, photorealistic-n 9, treasure room, vignette, lamp ( ( ( gym ) ) ) )"
10405521_SwinIR_large.png,"there are two beds in a hotel room with a flat screen tv, high quality product image”, colosseo, studio disney, canon 24mm, path based unbiased rendering, albuquerque, clean borders ; photorealistic, wide panoramic shot, website, warm and cool colors, fullbody shot, black mold, exterior photo"
10437251_SwinIR_large.png,"there is a large flat screen tv mounted on the wall, wolff olins |, art station award winning, midjourney style, bespoke, an award winning digital render, hotel, height 1 7 8, displaying stock charts, purple ambient light, symmetrical layout, waiting room, detailed »"
10423775_SwinIR_large.png,"there is a kitchen with a refrigerator, sink, microwave and a lamp, professional photo-n 3, southdale center, 200 iso, highly detailed panel cuts, from left, 1 3 3 4 building, photographic color scheme blur, photo of a model, metal handles, mass housing, wood grain, hd professional photography"
