image,prompt
10405521.jpg,"arafed view of a hotel room with two beds and a television, tiled room squared waterway, fullbody shot, albuquerque, kitchenette and conferenceroom, large comfy bed, wrestling ring, cheerful atmosphere, tall columns, lush surroundings, elongated arms, mild colors, interconnections"
10423726.jpg,"there is a mirror and a desk in a room, low - light photograph, by Dave Arredondo, adult character, us journalism ministry photo, hotel, inhabited on many levels, booth. pm, dark hazy room, connectivity, by Daphne Allen, a magician's chamber, courtroom"
10437251.jpg,"there is a tv mounted on the wall in a room, commercial photograph, made in 2019, terminal, london, low res, green and brown tones, professional online branding, travel in time, centre image, framed in image, hotel, midjourney style, featured"
10423702.jpg,"there are many chairs and tables on the patio outside, 2 0 1 9, sol retreat, prairie in background, real estate photography, modern technology building, beautiful panoramic imagery, by Jeanna bauck, interconnections, full width, stonework, summer light, mscow"
10423775.jpg,"arafed kitchen with a refrigerator, microwave, and a sink, corporate photo, 2 0 1 9, hotel, edge vignette, mead, very clean, mpc, focus gate, memphis, photo still of interior, high dynamic range, minneapolis, walkable, style of midjourney, colosseo, new realism"
